name,price,url
Диван Льери Мини Velvet Light,68 240,/ekaterinburg/product/divan-leri-mini-velvet-light
Диван Нумо Velvet Yellow,39 890,/ekaterinburg/product/divan-numo-velvet-yellow
Диван Тут Рядом Дом Серо-графитовый,76 640,/ekaterinburg/product/divan-tut-ryadom-dom-sero-grafitovyj
Диван угловой Эби-1 Velvet Coral,76 640,/ekaterinburg/product/divan-uglovoj-ebi-1-velvet-coral
Диван Бонент Velvet Eclipse,80 840,/ekaterinburg/product/divan-bonent-velvet-eclipse
Диван Нумо Мини Textile Yellow,26 240,/ekaterinburg/product/divan-numo-mini-textile-yellow
Диван Линс Velvet Navy Blue,36 740,/ekaterinburg/product/divan-lins-velvet-navy-blue
Кресло Тут Рядом Дом Сине-бежевый,53 540,/ekaterinburg/product/kreslo-tut-ryadom-dom-sine-bejevyj
Диван угловой Эдвин Velvet Smoke,78 740,/ekaterinburg/product/divan-uglovoj-edvin-velvet-smoke
Диван Бруквиль Velvet Blue,52 490,/ekaterinburg/product/divan-brukvil-velvet-blue
Диван Байма Velvet Grey,73 490,/ekaterinburg/product/divan-bajma-velvet-grey
Диван Спейс Velvet Beige,68 240,/ekaterinburg/product/divan-spejs-velvet-beige
Диван угловой Беллер Textile Yellow,45 140,/ekaterinburg/product/divan-uglovoj-beller-textile-yellow
Кресло Бенел Cozy Ivory,36 740,/ekaterinburg/product/kreslo-benel-cozy-ivory
Диван Нумо Velvet Grafit,39 890,/ekaterinburg/product/divan-numo-velvet-grafit
Кресло-кровать Маре Мини Velvet Grafit,23 090,/ekaterinburg/product/kreslo-krovat-mare-mini-velvet-grafit
Диван Клаймар Velvet Beige,59 840,/ekaterinburg/product/divan-klajmar-velvet-beige
Пуф Тут Рядом Дом Серо-графитовый,16 790,/ekaterinburg/product/puf-tut-ryadom-dom-sero-grafitovyj
Диван Сваут Velvet Grey,68 240,/ekaterinburg/product/divan-svaut-velvet-grey
Диван Линс Velvet Grafit,36 740,/ekaterinburg/product/divan-lins-velvet-grafit
Диван угловой Аронт Мини Velvet Pink,61 940,/ekaterinburg/product/divan-uglovoj-aront-mini-velvet-pink
Диван Рейли Velvet Coral,38 840,/ekaterinburg/product/divan-rejli-velvet-coral
Диван угловой Вайвел Barhat Forest,94 490,/ekaterinburg/product/divan-uglovoj-vajvel-barhat-forest
Диван Бруквиль Velvet Smoke,52 490,/ekaterinburg/product/divan-brukvil-velvet-smoke
Диван Коренс Happy Grey,32 540,/ekaterinburg/product/divan-korens-happy-grey
Диван угловой Шера Velvet Light,108 140,/ekaterinburg/product/divan-uglovoj-shera-velve-light
Диван Види Textile Ocean,27 290,/ekaterinburg/product/divan-vidi-textile-ocean
Пуф Тут Рядом Дом Зеленый,16 790,/ekaterinburg/product/puf-tut-ryadom-dom-zelenyj
Кресло Пайл Barhat Beige,25 190,/ekaterinburg/product/kreslo-pajl-barhat-beige
Модульный диван Brera-2 Velour Mix,111 280,/ekaterinburg/product/modulnyj-divan-brera-2-velour-mix
Кресло Гета Soft Silver,36 740,/ekaterinburg/product/kreslo-geta-soft-silver
Диван угловой Нумо Velvet Yellow,50 390,/ekaterinburg/product/divan-uglovoj-numo-velvet-yellow
Модульный диван Нолан-B 3 Soft Jungle,120 720,/ekaterinburg/product/modulnyj-divan-nolan-b-3-soft-jungle
Диван Тут Рядом Дом Сине-бежевый,76 640,/ekaterinburg/product/divan-tut-ryadom-dom-sine-bejevyj
Кресло Элвит Cozy Ivory,31 490,/ekaterinburg/product/kreslo-elvit-cozy-ivory
Диван Сваут Velvet Mustard,68 240,/ekaterinburg/product/divan-svaut-velvet-mustard
Кресло Рибс Velvet Beige,31 490,/ekaterinburg/product/kreslo-ribs-velvet-beige
Пуф Кропс Bucle Smoky,9440,/ekaterinburg/product/puf-krops-bucle-smoky
Пуф Лонди Cozy Beige,12 590,/ekaterinburg/product/puf-londi-cozy-beige
Диван Мисл Barhat Mint,78 740,/ekaterinburg/product/divan-misl-barhat-mint
Диван угловой Мейлон Velvet Eclipse,52 490,/ekaterinburg/product/divan-uglovoj-mejlon-velvet-eclipse
Кресло Тут Рядом Дом Розовый,53 540,/ekaterinburg/product/kreslo-tut-ryadom-dom-rozovyj
Диван Нумо Мини Textile Light,26 240,/ekaterinburg/product/divan-numo-mini-textile-light
Диван угловой Бонент Velvet Grey,94 490,/ekaterinburg/product/divan-uglovoj-bonent-velvet-grey
Диван Рейли Velvet Mint,38 840,/ekaterinburg/product/divan-rejli-velvet-mint
Диван Риббл-2 Bucle Lilac,72 440,/ekaterinburg/product/divan-ribbl-2-bucle-lilac
Диван угловой Маркфул Velvet Ocean,83 990,/ekaterinburg/product/divan-uglovoj-markful-velvet-ocean
Кушетка Роби Textile Coral,20 990,/ekaterinburg/product/kushetka-robi-textile-coral
